Inventory Snapshot Date,Store ID,Product ID,Forecast_Start,Forecast_End,Forecast_Days,Current Inventory,Lead Time,Lead Time Demand,Demand Std Dev,Service Level,Z_Value,Safety Stock,Reorder Point,Inventory Gap,Excess_Inventory_Units,Excess_Inventory_Flag,Recommended Order Quantity,Risk,Recommended Action,Priority
2024-01-30,S001,P0009,2024-01-01,2024-01-30,30,128,7,1022.0,44.21213746193362,0.95,1.6448536269514722,192.40563558936188,1214.405635589362,1086.405635589362,0.0,No,1087.0,High,Replenish,1
2024-01-30,S003,P0010,2024-01-01,2024-01-30,30,111,7,920.6666666666667,47.54249466866913,0.95,1.6448536269514722,206.89892932919213,1127.565595995859,1016.565595995859,0.0,No,1017.0,High,Replenish,1
2024-01-30,S001,P0002,2024-01-01,2024-01-30,30,136,7,946.1566666666666,45.579136281530246,0.95,1.6448536269514722,198.3546417182977,1144.5113083849644,1008.5113083849644,0.0,No,1009.0,High,Replenish,1
2024-01-30,S002,P0008,2024-01-01,2024-01-30,30,85,7,881.644785726986,48.116247210417775,0.95,1.6448536269514722,209.39582789152036,1091.0406136185063,1006.0406136185063,0.0,No,1007.0,High,Replenish,1
2024-01-30,S002,P0018,2024-01-01,2024-01-30,30,61,7,894.9708957562684,37.325529204090834,0.95,1.6448536269514722,162.43598664293793,1057.4068823992063,996.4068823992063,0.0,No,997.0,High,Replenish,1
2024-01-30,S002,P0006,2024-01-01,2024-01-30,30,98,7,902.0554035523143,38.987648265665975,0.95,1.6448536269514722,169.66931877357527,1071.7247223258896,973.7247223258896,0.0,No,974.0,High,Replenish,1
2024-01-30,S002,P0016,2024-01-01,2024-01-30,30,88,7,890.6400000000001,38.75631479400714,0.95,1.6448536269514722,168.66258473620974,1059.3025847362098,971.3025847362098,0.0,No,972.0,High,Replenish,1
2024-01-30,S005,P0004,2024-01-01,2024-01-30,30,141,7,900.6400000000001,48.76309179868385,0.95,1.6448536269514722,212.21081380438264,1112.8508138043828,971.8508138043828,0.0,No,972.0,High,Replenish,1
2024-01-30,S003,P0019,2024-01-01,2024-01-30,30,108,7,867.4681561786533,48.347242540232,0.95,1.6448536269514722,210.40109037830572,1077.869246556959,969.8692465569591,0.0,No,970.0,High,Replenish,1
2024-01-30,S002,P0010,2024-01-01,2024-01-30,30,143,7,883.3033333333333,49.53868843396901,0.95,1.6448536269514722,215.58611235676537,1098.8894456900987,955.8894456900987,0.0,No,956.0,High,Replenish,1
2024-01-30,S005,P0008,2024-01-01,2024-01-30,30,154,7,886.9574991797466,50.17782227100692,0.95,1.6448536269514722,218.36754205461307,1105.3250412343596,951.3250412343596,0.0,No,952.0,High,Replenish,1
2024-01-30,S003,P0020,2024-01-01,2024-01-30,30,113,7,886.3466666666667,40.13181595303795,0.95,1.6448536269514722,174.64859197200764,1060.9952586386744,947.9952586386744,0.0,No,948.0,High,Replenish,1
2024-01-30,S002,P0011,2024-01-01,2024-01-30,30,73,7,795.1547363191106,47.93097108026332,0.95,1.6448536269514722,208.58952958457698,1003.7442659036876,930.7442659036876,0.0,No,931.0,High,Replenish,1
2024-01-30,S002,P0009,2024-01-01,2024-01-30,30,153,7,854.1669152710361,49.423322794031684,0.95,1.6448536269514722,215.08405566935855,1069.2509709403946,916.2509709403946,0.0,No,917.0,High,Replenish,1
2024-01-30,S003,P0008,2024-01-01,2024-01-30,30,170,7,909.4896215050203,38.45743492962141,0.95,1.6448536269514722,167.36189733285784,1076.851518837878,906.8515188378781,0.0,No,907.0,High,Replenish,1
2024-01-30,S004,P0005,2024-01-01,2024-01-30,30,184,7,911.3066666666666,38.283727939915444,0.95,1.6448536269514722,166.6059464632699,1077.9126131299365,893.9126131299365,0.0,No,894.0,High,Replenish,1
2024-01-30,S005,P0018,2024-01-01,2024-01-30,30,197,7,873.6832739400642,46.24723042926019,0.95,1.6448536269514722,201.26210302885275,1074.945376968917,877.9453769689169,0.0,No,878.0,High,Replenish,1
2024-01-30,S002,P0004,2024-01-01,2024-01-30,30,129,7,793.648924750288,48.26957964944394,0.95,1.6448536269514722,210.06311129107772,1003.7120360413656,874.7120360413656,0.0,No,875.0,High,Replenish,1
2024-01-30,S003,P0009,2024-01-01,2024-01-30,30,123,7,789.0144955522526,47.609138339129345,0.95,1.6448536269514722,207.18895416194187,996.2034497141944,873.2034497141944,0.0,No,874.0,High,Replenish,1
2024-01-30,S005,P0009,2024-01-01,2024-01-30,30,136,7,800.3855642264599,47.21345043762341,0.95,1.6448536269514722,205.46697041370484,1005.8525346401648,869.8525346401648,0.0,No,870.0,High,Replenish,1
2024-01-30,S005,P0001,2024-01-01,2024-01-30,30,267,7,901.2333333333333,48.13256281436553,0.95,1.6448536269514722,209.4668313382615,1110.7001646715948,843.7001646715948,0.0,No,844.0,High,Replenish,1
2024-01-30,S005,P0010,2024-01-01,2024-01-30,30,115,7,749.2108392065471,47.92395530411536,0.95,1.6448536269514722,208.5589978132944,957.7698370198416,842.7698370198416,0.0,No,843.0,High,Replenish,1
2024-01-30,S004,P0019,2024-01-01,2024-01-30,30,219,7,877.205369211946,38.94540101355731,0.95,1.6448536269514722,169.48546407076043,1046.6908332827065,827.6908332827065,0.0,No,828.0,High,Replenish,1
2024-01-30,S001,P0018,2024-01-01,2024-01-30,30,130,7,711.5181326407003,49.9453347936656,0.95,1.6448536269514722,217.35578593033753,928.8739185710378,798.8739185710378,0.0,No,799.0,High,Replenish,1
2024-01-30,S004,P0010,2024-01-01,2024-01-30,30,247,7,834.7371364629263,47.34561852054958,0.95,1.6448536269514722,206.04214920984276,1040.779285672769,793.779285672769,0.0,No,794.0,High,Replenish,1
2024-01-30,S004,P0017,2024-01-01,2024-01-30,30,166,7,768.1579647658396,39.83037710199808,0.95,1.6448536269514722,173.33676818209048,941.4947329479301,775.4947329479301,0.0,No,776.0,High,Replenish,1
2024-01-30,S002,P0013,2024-01-01,2024-01-30,30,125,7,680.6052474037317,50.3654341509648,0.95,1.6448536269514722,219.18400524955564,899.7892526532873,774.7892526532873,0.0,No,775.0,High,Replenish,1
2024-01-30,S003,P0003,2024-01-01,2024-01-30,30,95,7,664.0402643913676,46.777155995220326,0.95,1.6448536269514722,203.56827213052532,867.6085365218929,772.6085365218929,0.0,No,773.0,High,Replenish,1
2024-01-30,S001,P0016,2024-01-01,2024-01-30,30,225,7,769.3238321232014,50.277975907084446,0.95,1.6448536269514722,218.80339802341064,988.1272301466121,763.1272301466121,0.0,No,764.0,High,Replenish,1
2024-01-30,S002,P0019,2024-01-01,2024-01-30,30,339,7,929.3166666666666,38.60604994602068,0.95,1.6448536269514722,168.00865110523645,1097.325317771903,758.325317771903,0.0,No,759.0,High,Replenish,1
2024-01-30,S004,P0001,2024-01-01,2024-01-30,30,342,7,871.1441879818057,47.81407094877846,0.95,1.6448536269514722,208.08079498385356,1079.2249829656591,737.2249829656591,0.0,No,738.0,High,Replenish,1
2024-01-30,S005,P0006,2024-01-01,2024-01-30,30,266,7,788.5195607453752,48.31720806476413,0.95,1.6448536269514722,210.2703841362254,998.7899448816006,732.7899448816006,0.0,No,733.0,High,Replenish,1
2024-01-30,S005,P0007,2024-01-01,2024-01-30,30,261,7,775.2633001216166,48.431154504602056,0.95,1.6448536269514722,210.76626464412976,986.0295647657463,725.0295647657463,0.0,No,726.0,High,Replenish,1
2024-01-30,S003,P0016,2024-01-01,2024-01-30,30,161,7,663.2945882125679,45.73985403268751,0.95,1.6448536269514722,199.0540650630417,862.3486532756095,701.3486532756095,0.0,No,702.0,High,Replenish,1
2024-01-30,S003,P0002,2024-01-01,2024-01-30,30,327,7,808.3347556327102,49.00611384188632,0.95,1.6448536269514722,213.26841502813835,1021.6031706608485,694.6031706608485,0.0,No,695.0,High,Replenish,1
2024-01-30,S004,P0002,2024-01-01,2024-01-30,30,273,7,724.4168446664943,52.2256482427311,0.95,1.6448536269514722,227.2794219203001,951.6962665867944,678.6962665867944,0.0,No,679.0,High,Replenish,1
2024-01-30,S003,P0007,2024-01-01,2024-01-30,30,187,7,632.1922423050369,46.40984721203279,0.95,1.6448536269514722,201.96979071922505,834.162033024262,647.162033024262,0.0,No,648.0,High,Replenish,1
2024-01-30,S003,P0015,2024-01-01,2024-01-30,30,413,7,831.6403711921724,50.48090605450231,0.95,1.6448536269514722,219.68652438272304,1051.3268955748954,638.3268955748954,0.0,No,639.0,High,Replenish,1
2024-01-30,S003,P0011,2024-01-01,2024-01-30,30,143,7,584.7843689706675,42.83648619998916,0.95,1.6448536269514722,186.41897512465076,771.2033440953182,628.2033440953182,0.0,No,629.0,High,Replenish,1
2024-01-30,S005,P0002,2024-01-01,2024-01-30,30,156,7,612.7554683325784,39.55502794547471,0.95,1.6448536269514722,172.13848344601573,784.8939517785941,628.8939517785941,0.0,No,629.0,High,Replenish,1
2024-01-30,S001,P0015,2024-01-01,2024-01-30,30,80,7,499.09114890529,46.224448109301434,0.95,1.6448536269514722,201.1629572511658,700.2541061564558,620.2541061564558,0.0,No,621.0,High,Replenish,1
2024-01-30,S002,P0001,2024-01-01,2024-01-30,30,569,7,959.0,46.14333091653602,0.95,1.6448536269514722,200.80994547821788,1159.809945478218,590.809945478218,0.0,No,591.0,High,Replenish,1
2024-01-30,S004,P0009,2024-01-01,2024-01-30,30,472,7,879.9109138657161,40.07279962536751,0.95,1.6448536269514722,174.39176037128811,1054.3026742370043,582.3026742370043,0.0,No,583.0,High,Replenish,1
2024-01-30,S004,P0004,2024-01-01,2024-01-30,30,439,7,798.4987157644392,50.04564089504218,0.95,1.6448536269514722,217.79230540885104,1016.2910211732902,577.2910211732902,0.0,No,578.0,High,Replenish,1
2024-01-30,S004,P0013,2024-01-01,2024-01-30,30,389,7,755.1926943647143,48.163378253447775,0.95,1.6448536269514722,209.60093623530906,964.7936306000233,575.7936306000233,0.0,No,576.0,High,Replenish,1
2024-01-30,S003,P0014,2024-01-01,2024-01-30,30,350,7,721.9017727057008,45.69928631208004,0.95,1.6448536269514722,198.8775194690945,920.7792921747953,570.7792921747953,0.0,No,571.0,High,Replenish,1
2024-01-30,S001,P0007,2024-01-01,2024-01-30,30,476,7,823.3566666666667,48.21557315890744,0.95,1.6448536269514722,209.82808186852213,1033.1847485351889,557.1847485351889,0.0,No,558.0,High,Replenish,1
2024-01-30,S001,P0008,2024-01-01,2024-01-30,30,162,7,551.0718744169251,37.961327785699325,0.95,1.6448536269514722,165.20290173059962,716.2747761475247,554.2747761475247,0.0,No,555.0,High,Replenish,1
2024-01-30,S004,P0012,2024-01-01,2024-01-30,30,201,7,585.554828626168,38.932569694420174,0.95,1.6448536269514722,169.4296237912409,754.984452417409,553.984452417409,0.0,No,554.0,High,Replenish,1
2024-01-30,S001,P0012,2024-01-01,2024-01-30,30,396,7,724.3299676361984,48.3848424866315,0.95,1.6448536269514722,210.56472059390774,934.8946882301061,538.8946882301061,0.0,No,539.0,High,Replenish,1
2024-01-30,S003,P0006,2024-01-01,2024-01-30,30,156,7,442.08122206088984,47.34311139164379,0.95,1.6448536269514722,206.0312385016455,648.1124605625354,492.1124605625354,0.0,No,493.0,High,Replenish,1
2024-01-30,S004,P0020,2024-01-01,2024-01-30,30,79,7,419.9812657334488,32.97646360244198,0.95,1.6448536269514722,143.50940269242108,563.4906684258699,484.4906684258699,0.0,No,485.0,High,Replenish,1
2024-01-30,S003,P0004,2024-01-01,2024-01-30,30,552,7,824.6566666666668,47.62846925774617,0.95,1.6448536269514722,207.27307987710773,1031.9297465437744,479.9297465437744,0.0,No,480.0,High,Replenish,1
2024-01-30,S001,P0004,2024-01-01,2024-01-30,30,241,7,546.4676647255221,38.55212810884895,0.95,1.6448536269514722,167.77399008342752,714.2416548089496,473.24165480894965,0.0,No,474.0,High,Replenish,1
2024-01-30,S004,P0006,2024-01-01,2024-01-30,30,134,7,392.0,49.40536717608764,0.95,1.6448536269514722,215.00591508893766,607.0059150889376,473.0059150889376,0.0,No,474.0,High,Replenish,1
2024-01-30,S005,P0020,2024-01-01,2024-01-30,30,126,7,393.40609601421653,45.157199307103774,0.95,1.6448536269514722,196.51842532154294,589.9245213357594,463.92452133575944,0.0,No,464.0,High,Replenish,1
2024-01-30,S001,P0019,2024-01-01,2024-01-30,30,110,7,428.83113265991574,32.646219245483856,0.95,1.6448536269514722,142.0722209806109,570.9033536405266,460.9033536405266,0.0,No,461.0,High,Replenish,1
2024-01-30,S004,P0007,2024-01-01,2024-01-30,30,574,7,812.0,48.36243846415041,0.95,1.6448536269514722,210.46722111904194,1022.4672211190419,448.46722111904194,0.0,No,449.0,High,Replenish,1
2024-01-30,S005,P0017,2024-01-01,2024-01-30,30,137,7,379.7965962847582,47.11334514504924,0.95,1.6448536269514722,205.0313248297252,584.8279211144834,447.8279211144834,0.0,No,448.0,High,Replenish,1
2024-01-30,S005,P0011,2024-01-01,2024-01-30,30,269,7,512.2204805805061,38.03691021987671,0.95,1.6448536269514722,165.53182693354444,677.7523075140505,408.7523075140505,0.0,No,409.0,High,Replenish,1
2024-01-30,S005,P0003,2024-01-01,2024-01-30,30,212,7,422.9353483984563,45.09344709155015,0.95,1.6448536269514722,196.2409837351825,619.1763321336389,407.1763321336389,0.0,No,408.0,High,Replenish,1
2024-01-30,S004,P0016,2024-01-01,2024-01-30,30,153,7,415.8195617422857,31.755903420506883,0.95,1.6448536269514722,138.19767901060433,554.0172407528901,401.0172407528901,0.0,No,402.0,High,Replenish,1
2024-01-30,S004,P0003,2024-01-01,2024-01-30,30,153,7,383.69498083804973,34.27562017642581,0.95,1.6448536269514722,149.16316794099507,532.8581487790448,379.85814877904477,0.0,No,380.0,High,Replenish,1
2024-01-30,S001,P0001,2024-01-01,2024-01-30,30,383,7,594.2777296163675,35.53622436538343,0.95,1.6448536269514722,154.64915808141373,748.9268876977812,365.92688769778124,0.0,No,366.0,High,Replenish,1
2024-01-30,S004,P0011,2024-01-01,2024-01-30,30,596,7,785.3814614259205,39.68523209130879,0.95,1.6448536269514722,172.7051154360919,958.0865768620124,362.0865768620124,0.0,No,363.0,High,Replenish,1
2024-01-30,S001,P0011,2024-01-01,2024-01-30,30,204,7,393.11681071811233,33.30622062353876,0.95,1.6448536269514722,144.9444635801424,538.0612742982547,334.0612742982547,0.0,No,335.0,High,Replenish,1
2024-01-30,S005,P0005,2024-01-01,2024-01-30,30,288,7,413.0,47.83719464596133,0.95,1.6448536269514722,208.18142639208344,621.1814263920835,333.1814263920835,0.0,No,334.0,High,Replenish,1
2024-01-30,S001,P0013,2024-01-01,2024-01-30,30,91,7,217.10666666666668,46.93986218800279,0.95,1.6448536269514722,204.27634892196272,421.3830155886294,330.3830155886294,0.0,No,331.0,High,Replenish,1
2024-01-30,S001,P0017,2024-01-01,2024-01-30,30,186,7,312.2412528021493,46.99363752271864,0.95,1.6448536269514722,204.51037238359567,516.751625185745,330.75162518574496,0.0,No,331.0,High,Replenish,1
2024-01-30,S003,P0017,2024-01-01,2024-01-30,30,239,7,414.65293325636725,31.2138128596562,0.95,1.6448536269514722,135.83856938833665,550.4915026447039,311.4915026447039,0.0,No,312.0,High,Replenish,1
2024-01-30,S004,P0018,2024-01-01,2024-01-30,30,97,7,272.35,31.00195374236213,0.95,1.6448536269514722,134.9165852803875,407.2665852803875,310.2665852803875,0.0,No,311.0,High,Replenish,1
2024-01-30,S001,P0014,2024-01-01,2024-01-30,30,660,7,735.185501157308,48.080135517537656,0.95,1.6448536269514722,209.238674367179,944.4241755244869,284.42417552448694,0.0,No,285.0,High,Replenish,1
2024-01-30,S005,P0019,2024-01-01,2024-01-30,30,125,7,264.7833783492895,32.25530197629744,0.95,1.6448536269514722,140.3709984214114,405.1543767707009,280.1543767707009,0.0,No,281.0,High,Replenish,1
2024-01-30,S004,P0008,2024-01-01,2024-01-30,30,92,7,210.0,33.99720167798066,0.95,1.6448536269514722,147.9515258167187,357.9515258167187,265.9515258167187,0.0,No,266.0,High,Replenish,1
2024-01-30,S003,P0012,2024-01-01,2024-01-30,30,286,7,409.6487000226293,31.855767522001138,0.95,1.6448536269514722,138.63227496148107,548.2809749841103,262.28097498411034,0.0,No,263.0,High,Replenish,1
2024-01-30,S003,P0013,2024-01-01,2024-01-30,30,781,7,813.3730311829302,48.80781593983837,0.95,1.6448536269514722,212.40544761534537,1025.7784787982755,244.7784787982755,0.0,No,245.0,High,Replenish,1
2024-01-30,S004,P0015,2024-01-01,2024-01-30,30,292,7,394.1446041386293,32.513436864293226,0.95,1.6448536269514722,141.4943688360488,535.6389729746782,243.63897297467815,0.0,No,244.0,High,Replenish,1
2024-01-30,S005,P0014,2024-01-01,2024-01-30,30,161,7,265.99476357856094,31.59970113656325,0.95,1.6448536269514722,137.5179064085997,403.5126699871606,242.51266998716062,0.0,No,243.0,High,Replenish,1
2024-01-30,S002,P0020,2024-01-01,2024-01-30,30,332,7,421.70954426280406,32.1486988724714,0.95,1.6448536269514722,139.90707518392696,561.616619446731,229.61661944673097,0.0,No,230.0,High,Replenish,1
2024-01-30,S002,P0017,2024-01-01,2024-01-30,30,204,7,228.79873587914284,45.722468907815376,0.95,1.6448536269514722,198.97840719638222,427.77714307552503,223.77714307552503,0.0,No,224.0,High,Replenish,1
2024-01-30,S003,P0001,2024-01-01,2024-01-30,30,207,7,234.91,43.643501521063456,0.95,1.6448536269514722,189.93100382752317,424.8410038275232,217.8410038275232,0.0,No,218.0,High,Replenish,1
2024-01-30,S002,P0005,2024-01-01,2024-01-30,30,552,7,574.6119436777391,40.35046675645916,0.95,1.6448536269514722,175.6001326397848,750.2120763175238,198.21207631752384,0.0,No,199.0,High,Replenish,1
2024-01-30,S005,P0016,2024-01-01,2024-01-30,30,233,7,225.776306106584,47.25369272680451,0.95,1.6448536269514722,205.642099771206,431.41840587779,198.41840587779,0.0,No,199.0,High,Replenish,1
2024-01-30,S001,P0020,2024-01-01,2024-01-30,30,333,7,379.5193613443436,32.59005113496577,0.95,1.6448536269514722,141.8277844610377,521.3471458053814,188.3471458053814,0.0,No,189.0,High,Replenish,1
2024-01-30,S005,P0012,2024-01-01,2024-01-30,30,375,7,396.4064285155899,32.36992958560703,0.95,1.6448536269514722,140.8698432927839,537.2762718083738,162.27627180837385,0.0,No,163.0,High,Replenish,1
2024-01-30,S005,P0013,2024-01-01,2024-01-30,30,792,7,732.9266666666666,48.60663477529203,0.95,1.6448536269514722,211.52993260848837,944.456599275155,152.45659927515499,0.0,No,153.0,High,Replenish,1
2024-01-30,S004,P0014,2024-01-01,2024-01-30,30,379,7,383.60982090747524,32.84950396196447,0.95,1.6448536269514722,142.95689037968108,526.5667112871563,147.5667112871563,0.0,No,148.0,High,Replenish,1
2024-01-30,S002,P0012,2024-01-01,2024-01-30,30,423,7,405.62568291153445,37.32984780206472,0.95,1.6448536269514722,162.4547806356223,568.0804635471568,145.0804635471568,0.0,No,146.0,High,Replenish,1
2024-01-30,S005,P0015,2024-01-01,2024-01-30,30,520,7,448.0,47.00360578802956,0.95,1.6448536269514722,204.55375301463897,652.5537530146389,132.55375301463891,0.0,No,133.0,High,Replenish,1
2024-01-30,S001,P0006,2024-01-01,2024-01-30,30,436,7,287.56522095036945,46.01379845686913,0.95,1.6448536269514722,200.24623658146712,487.8114575318366,51.811457531836595,0.0,No,52.0,High,Replenish,1
2024-01-30,S002,P0007,2024-01-01,2024-01-30,30,414,7,262.0,46.37394989242259,0.95,1.6448536269514722,201.81357012026618,463.81357012026615,49.81357012026615,0.0,No,50.0,High,Replenish,1
2024-01-30,S002,P0003,2024-01-01,2024-01-30,30,388,7,238.0,45.042097418279035,0.95,1.6448536269514722,196.01751644565047,434.0175164456505,46.01751644565047,0.0,No,47.0,High,Replenish,1
2024-01-30,S002,P0014,2024-01-01,2024-01-30,30,676,7,552.9182255648999,37.91014562791486,0.95,1.6448536269514722,164.98016344729822,717.8983890121981,41.898389012198095,0.0,No,42.0,High,Replenish,1
2024-01-30,S002,P0015,2024-01-01,2024-01-30,30,1039,7,899.1334071937724,39.39732019439153,0.95,1.6448536269514722,171.4521592412506,1070.585566435023,31.58556643502311,0.0,No,32.0,High,Replenish,1
2024-01-30,S002,P0002,2024-01-01,2024-01-30,30,515,7,327.37300178219556,46.48626092836681,0.95,1.6448536269514722,202.30233355707475,529.6753353392703,14.675335339270305,0.0,No,15.0,High,Replenish,1
2024-01-30,S001,P0005,2024-01-01,2024-01-30,30,946,7,713.9793453324895,47.05444971652474,0.95,1.6448536269514722,204.77501936681202,918.7543646993015,-27.245635300698495,27.245635300698495,No,0.0,Medium,Monitor,2
2024-01-30,S001,P0010,2024-01-01,2024-01-30,30,518,7,330.0,31.336925009959327,0.95,1.6448536269514722,136.37433791000655,466.37433791000655,-51.625662089993455,51.625662089993455,No,0.0,Medium,Monitor,2
2024-01-30,S001,P0003,2024-01-01,2024-01-30,30,434,7,28.0,43.379889465042524,0.95,1.6448536269514722,188.78379746973525,216.78379746973525,-217.21620253026475,217.21620253026475,Yes,0.0,Low,Review Excess,3
2024-01-30,S003,P0005,2024-01-01,2024-01-30,30,782,7,411.5083813295038,46.09243703945715,0.95,1.6448536269514722,200.58846175612013,612.096843085624,-169.90315691437604,169.90315691437604,No,0.0,Low,Maintain,3
2024-01-30,S003,P0018,2024-01-01,2024-01-30,30,652,7,390.1596713237235,31.24803187755653,0.95,1.6448536269514722,135.98748623032432,526.1471575540478,-125.8528424459522,125.8528424459522,No,0.0,Low,Maintain,3
