Store ID,Product ID,RF_Tuned_MAE,ARIMA_MAE,RF_Tuned_RMSE,ARIMA_RMSE,Selected_Model,Selected_MAE,Selected_RMSE
S001,P0001,34.72420123137732,33.19334795687931,39.6454712464399,37.93127435844241,"ARIMA(1,0,1)",33.19334795687931,37.93127435844241
S001,P0002,35.34213458846895,36.20159952662449,46.162576759223576,46.31706185060634,Random Forest Tuned,35.34213458846895,46.162576759223576
S001,P0003,37.19056066066311,40.43764789911318,46.94924504643177,49.61780485780768,Random Forest Tuned,37.19056066066311,46.94924504643177
S001,P0004,33.74640357209065,31.532666862671984,42.45323282150573,41.43736315143518,"ARIMA(1,0,1)",31.532666862671984,41.43736315143518
S001,P0005,35.144780762664524,34.622158921639155,42.76050881962292,42.53256315186208,"ARIMA(1,0,1)",34.622158921639155,42.53256315186208
S001,P0006,35.49219004915459,39.3608441786149,43.02525827869692,48.843378142484895,Random Forest Tuned,35.49219004915459,43.02525827869692
S001,P0007,41.749109251138684,42.51176179090354,52.67529688858037,53.02570487397221,Random Forest Tuned,41.749109251138684,52.67529688858037
S001,P0008,35.82335821257612,34.87777020834016,43.809133357504955,42.54903202625772,"ARIMA(1,0,1)",34.87777020834016,42.54903202625772
S001,P0009,53.367175872983196,56.792315396096676,69.53878304338123,74.19427563964726,Random Forest Tuned,53.367175872983196,69.53878304338123
S001,P0010,23.766468469936452,24.509988358896774,28.468167652219137,28.242611565474974,Random Forest Tuned,23.766468469936452,28.468167652219137
S001,P0011,24.112805184428975,22.740491372243884,31.195145621772156,28.015492782950947,"ARIMA(1,0,1)",22.740491372243884,28.015492782950947
S001,P0012,38.39630808129281,38.1229816827633,47.682057841793686,47.96727136058895,"ARIMA(1,0,1)",38.1229816827633,47.96727136058895
S001,P0013,34.193409858927716,36.286955994623064,41.00460650815545,41.97658261480992,Random Forest Tuned,34.193409858927716,41.00460650815545
S001,P0014,34.181958572683826,33.937909598699974,42.82915439753134,42.29410924779538,"ARIMA(1,0,1)",33.937909598699974,42.29410924779538
S001,P0015,33.59245669454271,30.973914710681683,39.45555645662666,36.31593505699788,"ARIMA(1,0,1)",30.973914710681683,36.31593505699788
S001,P0016,39.84431074707921,41.124447240935005,48.3797326163043,49.77813675983818,Random Forest Tuned,39.84431074707921,48.3797326163043
S001,P0017,34.89467068714011,36.906710875087164,43.46894258954694,44.08418702529578,Random Forest Tuned,34.89467068714011,43.46894258954694
S001,P0018,34.85973083294449,34.249907497440184,42.08106979069867,41.378621325587105,"ARIMA(1,0,1)",34.249907497440184,41.378621325587105
S001,P0019,29.001028901226324,27.16567434580186,35.27019380831098,33.83458538892216,"ARIMA(1,0,1)",27.16567434580186,33.83458538892216
S001,P0020,24.891042744207752,22.304963794064733,29.636187485987662,28.815634784311957,"ARIMA(1,0,1)",22.304963794064733,28.815634784311957
S002,P0001,33.08861470652229,34.29222571387643,40.02417632088843,41.93930781716429,Random Forest Tuned,33.08861470652229,40.02417632088843
S002,P0002,34.895479702439495,36.17143238891389,43.903879408597355,45.209309441169125,Random Forest Tuned,34.895479702439495,43.903879408597355
S002,P0003,35.651686660407975,36.90800322377587,42.30353486181999,44.256186260050654,Random Forest Tuned,35.651686660407975,42.30353486181999
S002,P0004,33.334477154249065,32.68668658194294,40.97406944316696,40.701748272342876,"ARIMA(1,0,1)",32.68668658194294,40.701748272342876
S002,P0005,31.75002379254756,29.36476044298148,36.81702666222333,35.95064466055665,"ARIMA(1,0,1)",29.36476044298148,35.95064466055665
S002,P0006,36.84306699225976,40.44612163669539,47.506511475473,52.72526796752147,Random Forest Tuned,36.84306699225976,47.506511475473
S002,P0007,39.11723889615579,40.83821453946618,46.37874182111279,46.66105099067113,Random Forest Tuned,39.11723889615579,46.37874182111279
S002,P0008,38.421439699894215,38.45083930129514,48.81322898254538,49.535742747411106,Random Forest Tuned,38.421439699894215,48.81322898254538
S002,P0009,42.45010759619705,45.54112945372683,51.40615193807068,55.05790377286811,Random Forest Tuned,42.45010759619705,51.40615193807068
S002,P0010,31.66440794938188,35.24179218290598,37.33265703016506,41.743333093424305,Random Forest Tuned,31.66440794938188,37.33265703016506
S002,P0011,33.57579204893309,36.897829364203446,41.88698991251978,44.250293460619034,Random Forest Tuned,33.57579204893309,41.88698991251978
S002,P0012,22.241687849241618,23.885538350523465,30.6396473037888,29.375782702205033,Random Forest Tuned,22.241687849241618,30.6396473037888
S002,P0013,42.40542613483072,42.848595518973795,49.20040513131723,50.44983091757814,Random Forest Tuned,42.40542613483072,49.20040513131723
S002,P0014,27.716127548426762,27.616317431790616,36.52055612022208,34.39181218018127,"ARIMA(1,0,1)",27.616317431790616,34.39181218018127
S002,P0015,29.83729424241962,29.772098798219936,36.97996689797989,38.043464030628755,"ARIMA(1,0,1)",29.772098798219936,38.043464030628755
S002,P0016,28.922583372180924,31.101149689082884,35.851003372704476,40.37019775843674,Random Forest Tuned,28.922583372180924,35.851003372704476
S002,P0017,34.445828348619884,35.79187368364081,43.433365701442845,43.883832270270844,Random Forest Tuned,34.445828348619884,43.433365701442845
S002,P0018,31.332212235172793,35.53700199271057,39.30241541560675,43.13765116173192,Random Forest Tuned,31.332212235172793,39.30241541560675
S002,P0019,31.02257202260385,34.60384427350502,41.943749909367604,45.96249209827721,Random Forest Tuned,31.02257202260385,41.943749909367604
S002,P0020,28.43713217369079,26.850971667273306,33.76827802194583,32.415816237957486,"ARIMA(1,0,1)",26.850971667273306,32.415816237957486
S003,P0001,38.6691042448796,37.89726405315371,47.034890752123594,44.78614061953982,"ARIMA(1,0,1)",37.89726405315371,44.78614061953982
S003,P0002,38.76976503006549,40.70924432101769,51.79736559983278,52.735967197377626,Random Forest Tuned,38.76976503006549,51.79736559983278
S003,P0003,31.474139235148513,30.546732032831695,37.92644012192612,37.00846967733172,"ARIMA(1,0,1)",30.546732032831695,37.00846967733172
S003,P0004,37.981516626506235,36.99347022244019,44.630601391776466,43.33848448573527,"ARIMA(1,0,1)",36.99347022244019,43.33848448573527
S003,P0005,37.03215793980666,34.053804727408505,43.70071508719411,41.43861592121474,"ARIMA(1,0,1)",34.053804727408505,41.43861592121474
S003,P0006,33.30566530895035,35.19579786093338,41.92297249837766,43.31777069749029,Random Forest Tuned,33.30566530895035,41.92297249837766
S003,P0007,37.71864017308556,36.664292298682675,44.922550733478154,44.80323764362186,"ARIMA(1,0,1)",36.664292298682675,44.80323764362186
S003,P0008,35.06920707678564,33.07054997678354,42.99165293717059,43.774754084850784,"ARIMA(1,0,1)",33.07054997678354,43.774754084850784
S003,P0009,41.876992684738845,43.47627059661722,52.11250373192779,54.06795498518017,Random Forest Tuned,41.876992684738845,52.11250373192779
S003,P0010,41.46438149038412,40.88823196623173,50.667194364318924,50.41025236054378,"ARIMA(1,0,1)",40.88823196623173,50.41025236054378
S003,P0011,35.9860023662421,35.30502129228585,45.37109702470366,43.509744315072375,"ARIMA(1,0,1)",35.30502129228585,43.509744315072375
S003,P0012,22.766865518325925,22.05350713511617,29.58739437388889,28.668241251648166,"ARIMA(1,0,1)",22.05350713511617,28.668241251648166
S003,P0013,27.53520494819502,27.737537031811073,34.876327202897336,36.1120653771648,Random Forest Tuned,27.53520494819502,34.876327202897336
S003,P0014,38.33865536057228,38.24571055809182,46.11867992628552,46.13663657371289,"ARIMA(1,0,1)",38.24571055809182,46.13663657371289
S003,P0015,33.18060662559595,34.80028745864092,39.46340645837041,40.47592636511799,Random Forest Tuned,33.18060662559595,39.46340645837041
S003,P0016,43.45018264053093,38.65365064802704,53.32540363415695,49.507792127285185,"ARIMA(1,0,1)",38.65365064802704,49.507792127285185
S003,P0017,26.58154934973267,24.832385507817836,32.91460753589623,30.56418938252522,"ARIMA(1,0,1)",24.832385507817836,30.56418938252522
S003,P0018,27.464861223452946,26.067252648982244,31.409684098307924,30.163855779202727,"ARIMA(1,0,1)",26.067252648982244,30.163855779202727
S003,P0019,37.461667052608036,37.20904817798341,46.097632765807376,46.62418961384096,"ARIMA(1,0,1)",37.20904817798341,46.62418961384096
S003,P0020,36.35077832825984,46.7097794879281,50.33265118855516,62.738295443605615,Random Forest Tuned,36.35077832825984,50.33265118855516
S004,P0001,38.762886553191144,37.70216062432196,47.75286335137943,47.0561483213925,"ARIMA(1,0,1)",37.70216062432196,47.0561483213925
S004,P0002,42.991160644653675,40.921817769020535,50.27945565509193,50.094662235178376,"ARIMA(1,0,1)",40.921817769020535,50.094662235178376
S004,P0003,28.570011182411207,28.933616257739256,36.438801592492915,36.70631800030581,Random Forest Tuned,28.570011182411207,36.438801592492915
S004,P0004,38.40792881049469,39.349753687356255,47.92223564753798,49.37522666363673,Random Forest Tuned,38.40792881049469,47.92223564753798
S004,P0005,35.12979510794354,35.25754874337581,42.62880281741126,44.303735322557344,Random Forest Tuned,35.12979510794354,42.62880281741126
S004,P0006,36.15356955322921,35.38635644478542,42.01434981454949,42.012364800394934,"ARIMA(1,0,1)",35.38635644478542,42.012364800394934
S004,P0007,43.389022858898585,41.15902662443727,55.028467490132314,52.899186257117364,"ARIMA(1,0,1)",41.15902662443727,52.899186257117364
S004,P0008,28.343748897679955,28.1374725336666,31.767437424212137,31.0063788968628,"ARIMA(1,0,1)",28.1374725336666,31.0063788968628
S004,P0009,39.174254471040385,38.30811291229759,50.135440692849585,51.38961995939364,"ARIMA(1,0,1)",38.30811291229759,51.38961995939364
S004,P0010,45.66548655035126,45.22369081590452,55.64658845693174,54.83213582630234,"ARIMA(1,0,1)",45.22369081590452,54.83213582630234
S004,P0011,35.157793532363186,28.683497611482633,42.29377641631671,37.51256407238422,"ARIMA(1,0,1)",28.683497611482633,37.51256407238422
S004,P0012,28.85647104714011,28.072482896262024,35.844485242824106,34.160886262732696,"ARIMA(1,0,1)",28.072482896262024,34.160886262732696
S004,P0013,36.10975116429909,36.615289913207405,46.005171214512025,46.462143952562705,Random Forest Tuned,36.10975116429909,46.005171214512025
S004,P0014,32.4156649469952,29.51172854493964,38.73413809423623,37.48688214214086,"ARIMA(1,0,1)",29.51172854493964,37.48688214214086
S004,P0015,25.749485611099626,25.584619825948288,30.78331180874761,29.639825170682432,"ARIMA(1,0,1)",25.584619825948288,29.639825170682432
S004,P0016,24.7791301969646,23.743123005044204,30.119055452759614,28.909845999462405,"ARIMA(1,0,1)",23.743123005044204,28.909845999462405
S004,P0017,33.29500487830257,34.91411700356379,40.06983796312235,42.645359880726836,Random Forest Tuned,33.29500487830257,40.06983796312235
S004,P0018,23.75846297334317,24.837692258873698,29.86515499841587,29.206774382623173,Random Forest Tuned,23.75846297334317,29.86515499841587
S004,P0019,29.53895520415337,29.629000377638306,36.24515206624153,37.01645583527172,Random Forest Tuned,29.53895520415337,36.24515206624153
S004,P0020,30.844174297928895,29.008445173602514,36.0988888746214,34.791740026999435,"ARIMA(1,0,1)",29.008445173602514,34.791740026999435
S005,P0001,43.57101852673185,42.2005820742016,51.40798082391914,51.00357493765973,"ARIMA(1,0,1)",42.2005820742016,51.00357493765973
S005,P0002,32.18923524381962,31.89849956069947,38.197527594064944,38.43125051863895,"ARIMA(1,0,1)",31.89849956069947,38.43125051863895
S005,P0003,33.08781401749735,31.73143068317402,40.57396088893539,39.94934306403722,"ARIMA(1,0,1)",31.73143068317402,39.94934306403722
S005,P0004,39.75079707848968,40.273174083241614,53.335133377605906,53.56306431909852,Random Forest Tuned,39.75079707848968,53.335133377605906
S005,P0005,35.81631627903443,36.672677201373666,44.888891380220315,45.59179929760175,Random Forest Tuned,35.81631627903443,44.888891380220315
S005,P0006,43.905668870094594,45.05372468638513,53.049068188386094,52.45341436027258,Random Forest Tuned,43.905668870094594,53.049068188386094
S005,P0007,38.74255393554644,39.859728806225434,45.92807033818118,45.64013878581483,Random Forest Tuned,38.74255393554644,45.92807033818118
S005,P0008,42.678070645700295,43.11233504858221,51.69846759425444,53.28718454261092,Random Forest Tuned,42.678070645700295,51.69846759425444
S005,P0009,42.360008496289815,38.203118551978704,56.42497207411488,49.44360747261975,"ARIMA(1,0,1)",38.203118551978704,49.44360747261975
S005,P0010,45.32667390751564,42.16339569147207,53.98083088334146,51.50844640959385,"ARIMA(1,0,1)",42.16339569147207,51.50844640959385
S005,P0011,34.01452203731519,32.813591316899696,42.20856033717917,38.952847180434205,"ARIMA(1,0,1)",32.813591316899696,38.952847180434205
S005,P0012,21.903008521974822,21.53304904264805,28.511782503825263,27.561213730809303,"ARIMA(1,0,1)",21.53304904264805,27.561213730809303
S005,P0013,35.346946388854484,34.11338414256968,48.17189398370347,48.02574777474412,"ARIMA(1,0,1)",34.11338414256968,48.02574777474412
S005,P0014,29.500605876661126,28.860630379896758,34.68421871001117,34.063670790214275,"ARIMA(1,0,1)",28.860630379896758,34.063670790214275
S005,P0015,39.329710142499835,42.274860884606866,44.342123421370935,47.40161634709608,Random Forest Tuned,39.329710142499835,44.342123421370935
S005,P0016,39.16372736699642,38.937837807512025,47.608393750177854,47.3194401015533,"ARIMA(1,0,1)",38.937837807512025,47.3194401015533
S005,P0017,36.876954963076436,37.59297458491344,46.48208274491718,46.19305226145135,Random Forest Tuned,36.876954963076436,46.48208274491718
S005,P0018,40.77923816692566,40.7022832232828,47.124508247526634,47.31908955751408,"ARIMA(1,0,1)",40.7022832232828,47.31908955751408
S005,P0019,24.65732498846727,25.977341071742067,29.895886827067958,30.452533894346757,Random Forest Tuned,24.65732498846727,29.895886827067958
S005,P0020,32.267660493986476,30.58378897894198,39.60502925751996,39.38955155974768,"ARIMA(1,0,1)",30.58378897894198,39.38955155974768
