Store ID,Product ID,ARIMA_MAE,ARIMA_RMSE,ARIMA_sMAPE,ARIMA_Converged,HW_MAE,HW_RMSE,HW_sMAPE
S001,P0001,33.19334795687931,37.93127435844241,36.914207011698664,True,36.66251372311207,42.545066242334386,39.6942261089107
S001,P0002,36.20159952662449,46.31706185060634,28.477423229146105,True,41.893362250553125,52.96200361003881,33.41999020348556
S001,P0003,40.43764789911318,49.61780485780768,32.244505951825744,True,40.56250271351085,50.15426343610158,32.21217351243766
S001,P0004,31.532666862671984,41.43736315143518,34.85777915656263,True,34.57523214394608,44.02202277286443,37.281270205216686
S001,P0005,34.622158921639155,42.53256315186208,32.64940647791025,True,36.61836001026016,45.21633457187687,33.98604950839635
S001,P0006,39.3608441786149,48.843378142484895,44.33045346403885,True,40.26868674042019,49.17960371665859,45.81553465537719
S001,P0007,42.51176179090354,53.02570487397221,37.04935041856024,True,41.24546810150903,52.41994924658212,36.15099161693062
S001,P0008,34.87777020834016,42.54903202625772,38.835376010984476,True,35.38619490369865,43.33718957142318,39.350351458752186
S001,P0009,56.792315396096676,74.19427563964726,37.6888146667312,True,57.57472644341574,74.81391410894136,38.29789017962464
S001,P0010,24.509988358896774,28.242611565474974,33.903480319359595,True,25.046315738542823,31.23497086853649,33.77595528899426
S001,P0011,22.740491372243884,28.015492782950947,32.274513661795304,True,33.45471436389667,38.83001193683807,42.76823217730828
S001,P0012,38.1229816827633,47.96727136058895,35.30023302201734,True,37.60641623544752,47.701187063543884,34.91746415663719
S001,P0013,36.286955994623064,41.97658261480992,43.67641619993247,True,36.933383146719414,42.23418595812335,44.913482024266074
S001,P0014,33.937909598699974,42.29410924779538,33.99392994501888,True,33.589926063853014,41.978622801271406,33.763160243672
S001,P0015,30.973914710681683,36.31593505699788,38.30786685800278,True,32.52473464745026,37.75468227023605,39.733689546786444
S001,P0016,41.124447240935005,49.77813675983818,35.91858567578744,True,41.07348475345631,49.582785224742985,35.94609335903523
S001,P0017,36.906710875087164,44.08418702529578,42.873857905537164,True,37.01196050790626,45.248359080495185,42.49271699038012
S001,P0018,34.249907497440184,41.378621325587105,32.63588485004282,True,34.0936588958152,40.38649842146412,32.68622644931863
S001,P0019,27.16567434580186,33.83458538892216,36.99682225953949,True,32.00928383564077,39.16503456348354,41.78429039258668
S001,P0020,22.304963794064733,28.815634784311957,31.975656292946407,True,22.875461615500743,29.76947069931025,32.66039798802197
S002,P0001,34.29222571387643,41.93930781716429,29.735926661003916,True,38.759102445428745,46.15611095554761,34.0147258295142
S002,P0002,36.17143238891389,45.209309441169125,37.20685224779026,True,36.2698306645825,45.109483478839174,37.41205792459505
S002,P0003,36.90800322377587,44.256186260050654,37.14243663939537,True,34.66552380556376,41.66738112891119,35.44866654405504
S002,P0004,32.68668658194294,40.701748272342876,28.71920772227792,True,32.732155090083765,41.044663124272965,28.77178786927278
S002,P0005,29.36476044298148,35.95064466055665,30.14303304179839,True,31.425897069617577,37.04579455429364,32.04020615761503
S002,P0006,40.44612163669539,52.72526796752147,33.63697324913179,True,41.733682212362766,54.91060938799619,34.85652195173882
S002,P0007,40.83821453946618,46.66105099067113,53.68211542271405,True,40.6321443717566,45.792200949866974,54.06276646029616
S002,P0008,38.45083930129514,49.535742747411106,30.99244298177925,True,39.14333537456522,51.38841596635033,31.512854589818044
S002,P0009,45.54112945372683,55.05790377286811,36.01844196094193,True,45.89334945358341,56.716476888509455,36.34080490410309
S002,P0010,35.24179218290598,41.743333093424305,28.514167930167584,True,36.54343435918546,45.480633468930556,29.69785309414418
S002,P0011,36.897829364203446,44.250293460619034,34.833646969134925,True,37.713582810843924,45.48165553280923,35.9901277307169
S002,P0012,23.885538350523465,29.375782702205033,28.653068809833222,True,24.044106311098158,32.11130917790406,28.4740747711959
S002,P0013,42.848595518973795,50.44983091757814,40.167106736752935,True,40.490724746384195,48.81100209906728,38.322061186074926
S002,P0014,27.616317431790616,34.39181218018127,33.62586092092055,True,33.42483263710734,38.90648815647783,41.58531705725227
S002,P0015,29.772098798219936,38.043464030628755,26.231937188925826,True,30.808449223258112,39.172045037181434,27.22850786629678
S002,P0016,31.101149689082884,40.37019775843674,25.67618769892227,True,32.345516790109016,42.0959542650152,26.83409454101666
S002,P0017,35.79187368364081,43.883832270270844,44.38632119013445,True,35.71092960377628,43.88532158674518,44.17264228889165
S002,P0018,35.53700199271057,43.13765116173192,32.16485029224197,True,38.294619520571096,46.30932403394099,34.97114164543175
S002,P0019,34.60384427350502,45.96249209827721,29.231054121134992,True,37.14042348599552,48.86847424148159,31.659135409840093
S002,P0020,26.850971667273306,32.415816237957486,37.995648469664005,True,27.150487670032543,33.817544288853625,38.45706461775439
S003,P0001,37.89726405315371,44.78614061953982,44.97606691293713,True,38.900322776217834,47.53589725154392,45.10782115661603
S003,P0002,40.70924432101769,52.735967197377626,36.62098547960627,True,40.878299671717244,53.281320577988105,37.071879963394785
S003,P0003,30.546732032831695,37.00846967733172,27.975157207903205,True,30.278483145227323,36.76212753568796,27.728254542079195
S003,P0004,36.99347022244019,43.33848448573527,31.485504379115103,True,36.77438387595766,44.10655769850268,31.201658515245562
S003,P0005,34.053804727408505,41.43861592121474,42.546251930823054,True,42.9193256012916,52.978803965023424,48.68412481615659
S003,P0006,35.19579786093338,43.31777069749029,41.64351872208433,True,38.039830804586515,47.3718398554506,43.37597999569995
S003,P0007,36.664292298682675,44.80323764362186,35.4048775781645,True,39.458804826990104,47.66778026219669,37.28767795365544
S003,P0008,33.07054997678354,43.774754084850784,27.859482155744143,True,35.04946106927701,46.37885905628247,29.745456559864042
S003,P0009,43.47627059661722,54.06795498518017,34.992452741330986,True,43.470916039201384,53.71674492027261,34.945803998427735
S003,P0010,40.88823196623173,50.41025236054378,38.43804491208101,True,42.833573971917524,51.92486776828443,39.69672569459651
S003,P0011,35.30502129228585,43.509744315072375,36.51634682801148,True,40.35778853319928,50.859607938832745,39.71528753990738
S003,P0012,22.05350713511617,28.668241251648166,30.66102263744501,True,29.185015962453345,35.892055093051354,38.0235683298544
S003,P0013,27.737537031811073,36.1120653771648,27.2421636363891,True,27.789870826546817,36.24962128276445,27.258334840850125
S003,P0014,38.24571055809182,46.13663657371289,32.39148734930521,True,38.43633796241664,46.32915340206507,32.492624978383496
S003,P0015,34.80028745864092,40.47592636511799,32.740217496738275,True,34.619186940433444,40.23092697842061,32.60359195943499
S003,P0016,38.65365064802704,49.507792127285185,36.76259644983151,True,45.09268882275573,54.131969109275694,41.57286104037954
S003,P0017,24.832385507817836,30.56418938252522,35.954243781030044,True,24.60605348136681,30.23401310823675,35.66927576671554
S003,P0018,26.067252648982244,30.163855779202727,38.64279014983242,True,26.025022167378097,30.473778433633143,38.510299325863876
S003,P0019,37.20904817798341,46.62418961384096,33.977352784293366,True,36.500637187845896,45.92328829177528,33.43578309161437
S003,P0020,46.7097794879281,62.738295443605615,33.34557667709069,True,51.50301087347361,66.26769733998299,37.88411333633005
S004,P0001,37.70216062432196,47.0561483213925,32.72554066133546,True,40.40488037227977,52.72211123706759,35.463984294853276
S004,P0002,40.921817769020535,50.094662235178376,34.8492573974027,True,39.89785559164509,50.097698558001895,34.05194814403394
S004,P0003,28.933616257739256,36.70631800030581,40.58286494438933,True,35.242638209191114,42.97625598583215,45.7910883843481
S004,P0004,39.349753687356255,49.37522666363673,36.13847731770108,True,43.538075404903246,52.88091999084546,39.05024755361829
S004,P0005,35.25754874337581,44.303735322557344,31.530142541402206,True,36.857374333558376,45.745275179267985,33.05903693286328
S004,P0006,35.38635644478542,42.012364800394934,34.86613724066835,True,37.06509486695929,44.67452174152105,36.01687382231302
S004,P0007,41.15902662443727,52.899186257117364,38.835664034867214,True,43.97560141176871,55.41484342978622,40.58869953361652
S004,P0008,28.1374725336666,31.0063788968628,40.46708117919637,True,29.39021449493385,32.42603009453061,41.79993573733431
S004,P0009,38.30811291229759,51.38961995939364,32.31356171619664,True,41.75509971380237,56.438610365085616,35.62937919830808
S004,P0010,45.22369081590452,54.83213582630234,41.29606938275699,True,45.19834046061121,55.89926821686526,41.492019929167256
S004,P0011,28.683497611482633,37.51256407238422,24.884778514756643,True,28.923093691788534,39.29391034997704,25.134225447982594
S004,P0012,28.072482896262024,34.160886262732696,29.471857121662776,True,35.06113113079459,43.29277331784858,34.62735876930614
S004,P0013,36.615289913207405,46.462143952562705,34.34650473753503,True,36.902605651434655,45.62458474059106,35.11985788957109
S004,P0014,29.51172854493964,37.48688214214086,43.57411900440154,True,28.420990714011186,37.22894170389657,42.25911684611424
S004,P0015,25.584619825948288,29.639825170682432,39.0468652872021,True,26.421227429895943,30.309334180227374,40.22720585763192
S004,P0016,23.743123005044204,28.909845999462405,34.25026090833574,True,24.332711442655885,29.612088497249346,35.036501917996674
S004,P0017,34.91411700356379,42.645359880726836,31.291311577328347,True,35.533295063929316,43.60883262365858,31.88038071125982
S004,P0018,24.837692258873698,29.206774382623173,37.790776392566684,True,25.428245309838385,29.567494255493923,38.45974411997556
S004,P0019,29.629000377638306,37.01645583527172,25.255028844698952,True,29.323943883689807,36.55708714077156,24.993576729868412
S004,P0020,29.008445173602514,34.791740026999435,44.71458915558591,True,27.795295548025738,34.90609202513545,43.57642419129542
S005,P0001,42.2005820742016,51.00357493765973,38.73129737964808,True,42.278851260465196,51.013289958585396,38.91659805549846
S005,P0002,31.89849956069947,38.43125051863895,33.380795512252476,True,32.09464138403687,38.7327943745165,33.42016860676092
S005,P0003,31.73143068317402,39.94934306403722,38.83119223459126,True,49.667598420721085,60.751763569917166,50.73513337505696
S005,P0004,40.273174083241614,53.56306431909852,34.47768335211283,True,42.162213259741925,54.80243437408047,35.785109945003
S005,P0005,36.672677201373666,45.59179929760175,35.534086376755766,True,43.75270178321116,52.778390936855445,40.35351225374389
S005,P0006,45.05372468638513,52.45341436027258,37.00184284679936,True,51.3937152504818,59.49515274028992,40.69957111610967
S005,P0007,39.859728806225434,45.64013878581483,38.107334477117426,True,37.92978217571462,43.215977910477875,36.657826383809734
S005,P0008,43.11233504858221,53.28718454261092,36.65211968146818,True,42.49255996436891,53.12837928726626,36.29302146758831
S005,P0009,38.203118551978704,49.44360747261975,30.150939601538845,True,42.49864734710976,51.96382984482872,33.22391338978935
S005,P0010,42.16339569147207,51.50844640959385,40.24409963005468,True,42.87851188616244,52.49316411121418,40.66678581664961
S005,P0011,32.813591316899696,38.952847180434205,40.51323794087176,True,32.32321885677479,39.218804896762066,39.591623139531876
S005,P0012,21.53304904264805,27.561213730809303,29.546485886048167,True,27.465485655976128,34.72302058320381,35.34154706864985
S005,P0013,34.11338414256968,48.02574777474412,29.84192015938002,True,36.252044768967465,48.92128241686875,31.790357064198815
S005,P0014,28.860630379896758,34.063670790214275,39.67347588751222,True,28.977998217099845,34.519563775523345,39.922030303984435
S005,P0015,42.274860884606866,47.40161634709608,40.08594184514551,True,44.69094123741143,50.2442013354112,41.77714926283484
S005,P0016,38.937837807512025,47.3194401015533,47.7911600922999,True,40.81783225447498,51.32874101547832,48.09793857600021
S005,P0017,37.59297458491344,46.19305226145135,47.25982898043036,True,47.30103118995666,59.18347482825651,52.818958330444424
S005,P0018,40.7022832232828,47.31908955751408,33.25773535304722,True,40.448729432695565,46.639818475868566,33.125621162924304
S005,P0019,25.977341071742067,30.452533894346757,37.05989272131925,True,26.283966053060723,31.114770674057162,37.212855012929595
S005,P0020,30.58378897894198,39.38955155974768,40.08914147411406,True,38.220801209531615,45.65657475802205,52.51348084488858
